SNP-NAME,ATX,CAR,PRE,QUE
1,0,1,1,0
2,0,0,1,1
3,1,0,1,1
4,1,0,0,1
5,0,0,1,1
6,0,0,0,1
7,1,0,1,1
8,0,0,1,1
9,0,0,1,1
10,0,1,1,1
11,0,1,1,1
12,0,1,0,1
13,0,1,1,0
14,0,1,1,1
15,0,1,1,1
16,1,0,0,0
17,1,1,0,1
18,1,0,1,1
19,1,0,1,1
20,1,1,1,1
21,0,0,1,1
22,0,0,1,0
23,0,0,0,0
24,0,0,1,1
25,1,0,1,0
26,1,1,0,1
27,1,0,0,1
28,0,1,0,1
29,1,1,1,1
30,0,0,0,1
31,0,0,1,1
32,0,1,0,1
33,0,0,1,1
34,1,0,1,1
35,1,0,1,1
36,0,0,0,0
37,0,1,1,1
38,0,0,0,1
39,0,1,0,0
40,0,1,1,1
41,0,1,1,1
42,1,0,1,1
43,0,0,0,1
44,0,0,1,1
45,1,0,1,1
46,1,0,1,1
47,0,1,1,1
48,1,0,1,1
49,0,1,0,0
50,0,0,1,1
51,0,1,0,1
52,0,0,1,1
53,0,0,0,0
54,0,0,1,1
55,1,1,1,0
56,1,0,1,1
57,0,0,1,1
58,0,0,1,1
59,0,1,1,1
60,0,1,0,1
61,0,1,1,0
62,1,1,0,1
63,0,1,0,1
64,1,0,1,1
65,1,0,1,1
66,0,1,0,1
67,1,0,1,1
68,0,1,1,1
69,1,0,0,0
70,1,0,1,1
71,1,0,0,1
72,1,1,1,0
73,0,0,1,1
74,1,0,1,1
75,0,1,1,1
76,1,0,1,1
77,0,1,0,1
78,0,0,0,1
79,0,1,1,1
80,0,0,1,1
81,0,0,0,1
82,0,0,1,1
83,0,0,1,1
84,0,0,0,1
85,1,0,1,1
86,0,0,0,1
87,1,0,1,1
88,1,0,1,1
89,0,0,0,1
90,1,0,1,1
91,1,0,1,1
92,0,0,1,1
93,1,1,1,1
94,1,0,1,1
95,1,0,1,1
96,1,0,0,1
97,0,1,1,1
98,0,1,1,1
99,0,0,1,1
100,1,0,1,1
101,1,0,0,1
102,1,1,1,1
103,1,0,1,1
104,1,0,1,1
105,1,0,1,1
106,0,0,0,1
107,1,0,1,1
108,0,1,1,1
109,1,1,0,1
110,1,0,0,1
111,0,0,0,1
112,0,0,1,1
113,0,1,0,1
114,0,1,0,1
115,1,0,1,1
116,1,0,1,1
117,1,0,1,1
118,1,0,1,1
119,0,0,1,1
120,0,0,1,1
121,1,0,1,1
122,1,0,0,1
123,0,0,1,1
124,1,0,1,1
125,0,1,0,0
126,0,0,1,1
127,0,0,1,1
128,0,0,0,0
129,0,0,0,1
130,1,1,1,1
131,0,0,0,1
132,0,0,1,1
133,0,0,0,1
134,0,1,1,1
135,0,1,1,1
136,0,0,1,1
137,0,1,0,1
138,0,1,1,1
139,0,1,1,1
140,0,0,1,1
141,1,1,1,1
142,0,0,0,1
143,1,1,1,1
144,1,1,0,0
145,0,1,1,1
146,1,0,0,1
147,1,0,1,1
148,1,1,1,1
149,1,0,0,1
150,1,1,0,1
151,1,1,1,1
152,0,0,0,1
153,1,1,0,1
154,1,0,0,1
155,0,1,1,1
156,0,1,0,1
157,0,1,1,1
158,1,0,1,1
159,0,0,0,0
160,0,0,1,0
161,0,1,1,1
162,0,0,0,1
163,0,1,1,1
164,0,0,1,1
165,0,1,1,1
166,0,1,0,1
167,0,0,0,1
168,0,0,1,1
169,1,1,1,1
170,1,0,1,1
171,0,1,0,1
172,0,1,0,0
173,0,0,0,1
174,1,0,1,1
175,1,0,0,1
176,1,0,1,1
177,1,0,1,1
178,1,0,1,1
179,0,0,1,0
180,1,0,1,1
181,1,1,1,1
182,0,1,1,0
183,0,1,1,1
184,0,1,1,1
185,0,1,1,1
186,0,0,0,1
187,0,1,1,1
188,0,1,0,1
189,1,1,1,1
190,0,0,1,1
191,1,0,1,1
192,1,1,0,1
193,0,0,1,1
194,1,0,1,1
195,1,0,1,1
196,1,0,1,1
197,0,0,0,1
198,0,0,0,1
199,0,0,1,1
200,0,1,0,0
201,0,1,1,1
202,0,0,0,1
203,1,0,0,1
204,1,0,1,1
205,1,0,1,1