"","SNP.NAME"
"1",1
"2",2
"3",3
"4",5
"5",7
"6",8
"7",9
"8",10
"9",11
"10",13
"11",14
"12",15
"13",18
"14",19
"15",20
"16",21
"17",22
"18",24
"19",25
"20",29
"21",31
"22",33
"23",34
"24",35
"25",37
"26",40
"27",41
"28",42
"29",44
"30",45
"31",46
"32",47
"33",48
"34",50
"35",52
"36",54
"37",55
"38",56
"39",57
"40",58
"41",59
"42",61
"43",64
"44",65
"45",67
"46",68
"47",70
"48",72
"49",73
"50",74
"51",75
"52",76
"53",79
"54",80
"55",82
"56",83
"57",85
"58",87
"59",88
"60",90
"61",91
"62",92
"63",93
"64",94
"65",95
"66",97
"67",98
"68",99
"69",100
"70",102
"71",103
"72",104
"73",105
"74",107
"75",108
"76",112
"77",115
"78",116
"79",117
"80",118
"81",119
"82",120
"83",121
"84",123
"85",124
"86",126
"87",127
"88",130
"89",132
"90",134
"91",135
"92",136
"93",138
"94",139
"95",140
"96",141
"97",143
"98",145
"99",147
"100",148
"101",151
"102",155
"103",157
"104",158
"105",160
"106",161
"107",163
"108",164
"109",165
"110",168
"111",169
"112",170
"113",174
"114",176
"115",177
"116",178
"117",179
"118",180
"119",181
"120",182
"121",183
"122",184
"123",185
"124",187
"125",189
"126",190
"127",191
"128",193
"129",194
"130",195
"131",196
"132",199
"133",201
"134",204
"135",205
